k [h/Mpc],T [k]
6.727e-05,0.9999698528432699
6.781459595861973e-05,0.9999698213853032
6.83636007883283e-05,0.9999697894243643
6.89170501819066e-05,0.9999697569534945
6.947498012109287e-05,0.9999697239657301
7.003742687892153e-05,0.9999696904541072
7.060442702208172e-05,0.9999696564116728
7.117601741329457e-05,0.9999696218331126
7.175223521370966e-05,0.9999695867100997
7.233311788532136e-05,0.9999695510318735
7.291870319340389e-05,0.9999695147876714
7.350902920896685e-05,0.99996947796673
7.410413431123032e-05,0.9999694405582853
7.470405719012003e-05,0.9999694025515767
7.53088368487826e-05,0.9999693639358406
7.591851260612171e-05,0.999969324700313
7.653312409935368e-05,0.9999692848342325
7.7152711286585e-05,0.9999692443268351
7.77773144494099e-05,0.999969203167362
7.840697419552912e-05,0.9999691613450442
7.904173146139038e-05,0.9999691188491225
7.968162751484929e-05,0.9999690756688341
8.032670395785256e-05,0.9999690317934169
8.097700272914274e-05,0.9999689872121061
8.163256610698465e-05,0.9999689419141389
8.229343671191437e-05,0.9999688958887534
8.29596575095097e-05,0.9999688491251898
8.36312718131838e-05,0.99996880161268
8.43083232870011e-05,0.9999687533404644
8.499085594851592e-05,0.9999687042977795
8.56789141716346e-05,0.999968654473863
8.637254268949993e-05,0.9999686038579525
8.707178659739962e-05,0.9999685524392833
8.777669135569818e-05,0.9999685002070938
8.848730279279235e-05,0.9999684471506229
8.920366710809055e-05,0.9999683932598281
8.992583087501677e-05,0.999968338526179
9.065384104403799e-05,0.9999682829343427
9.138774494571689e-05,0.9999682264680508
9.212759029378897e-05,0.9999681691110284
9.287342518826447e-05,0.9999681108470081
9.362529811855584e-05,0.9999680516597175
9.438325796662978e-05,0.9999679915328834
9.514735401018547e-05,0.9999679304502391
9.591763592585826e-05,0.999967868395508
9.669415379244924e-05,0.999967805352425
9.747695809418142e-05,0.9999677413047176
9.82660997239813e-05,0.9999676762361116
9.906162998678796e-05,0.9999676101303385
9.986360060288859e-05,0.9999675429711277
0.00010067206371128077,0.9999674747422085
0.00010148707187306273,0.9999674054273081
0.00010230867807484989,0.9999673350101568
0.00010313693573222004,0.9999672634744853
0.00010397189869318618,0.9999671908040187
0.00010481362124169698,0.9999671169824904
0.00010566215810116671,0.9999670419936267
0.00010651756443803212,0.9999669658211574
0.00010737989586533953,0.9999668884488119
0.00010824920844636038,0.99996680986032
0.00010912555869823601,0.9999667300394091
0.00011000900359565198,0.999966648969811
0.00011089960057454268,0.999966566635253
0.00011179740753582468,0.9999664830194627
0.00011270248284916158,0.9999663981095679
0.00011361488535675879,0.999966311888568
0.00011453467437718881,0.9999662243323997
0.00011546190970924836,0.9999661354169807
0.00011639665163584527,0.9999660451182287
0.00011733896092791828,0.9999659534120624
0.00011828889884838779,0.9999658602744022
0.0001192465271561388,0.999965765681165
0.000120211908110036,0.9999656696082728
0.00012118510447297183,0.9999655720316379
0.0001221661795159463,0.9999654729271829
0.00012315519702218083,0.9999653722708274
0.00012415222129126508,0.999965270038489
0.000125157317143337,0.9999651662060862
0.00012617054992329762,0.9999650607495364
0.00012719198550505855,0.9999649536447598
0.00012822169029582525,0.9999648448676771
0.0001292597312404142,0.9999647343942047
0.00013030617582560514,0.9999646222002607
0.00013136109208452913,0.9999645082617666
0.00013242454860109092,0.9999643925546395
0.00013349661451442818,0.9999642750547982
0.00013457735952340655,0.999964155738161
0.00013566685389115077,0.9999640345806495
0.00013676516844961332,0.9999639115581803
0.0001378723746041786,0.9999637866466727
0.0001389885443383059,0.9999636598220464
0.00014011375021820899,0.9999635310602186
0.000141248065397574,0.9999634003381244
0.00014239156362231572,0.9999632676382824
0.00014354431923537146,0.9999631329294566
0.00014470640718153475,0.9999629961772435
0.00014587790301232777,0.9999628573472349
0.00014705888289091295,0.9999627164050299
0.00014824942359704534,0.999962573316221
0.0001494496025320633,0.9999624280464066
0.00015065949772392128,0.9999622805611784
0.0001518791878322627,0.9999621308261343
0.0001531087521535337,0.9999619788068705
0.00015434827062613834,0.999961824468981
0.0001555978238356365,0.9999616677780637
0.0001568574930199819,0.9999615086997098
0.00015812736007480435,0.9999613471995222
0.00015940750755873397,0.9999611832430905
0.0001606980186987685,0.9999610167960106
0.00016199897739568463,0.9999608478238807
0.00016331046822949197,0.9999606762922972
0.00016463257646493244,0.9999605021668566
0.00016596538805702338,0.9999603254131483
0.00016730898965664596,0.9999601459967759
0.00016866346861617846,0.9999599638833303
0.00017002891299517587,0.9999597790384123
0.0001714054115660943,0.9999595914276159
0.00017279305382006258,0.9999594010165349
0.00017419192997270076,0.9999592077707694
0.00017560213096998474,0.9999590116559128
0.00017702374849416,0.9999588126375636
0.00017845687496970087,0.9999586106874931
0.00017990160356932047,0.9999584057768063
0.0001813580282200275,0.9999581978607325
0.00018282624360923305,0.9999579868941909
0.00018430634519090716,0.9999577728321073
0.00018579842919178336,0.9999575556293959
0.0001873025926176157,0.9999573352409823
0.00018881893325948512,0.9999571116217869
0.00019034754970015692,0.9999568847267362
0.00019188854132049104,0.9999566545107422
0.00019344200830590172,0.999956420928734
0.00019500805165287183,0.9999561839356281
0.00019658677317551884,0.9999559434863474
0.0001981782755122138,0.9999556995358154
0.00019978266213225516,0.9999554520389528
0.00020140003734259437,0.9999552009506826
0.00020303050629461817,0.9999549462259253
0.00020467417499098458,0.999954687819603
0.00020633115029251433,0.9999544256866392
0.00020800153992513902,0.9999541597819531
0.0002096854524869038,0.9999538900604709
0.00021138299745502803,0.9999536164771123
0.00021309428519302324,0.9999533389868037
0.0002148194269578674,0.999953057544463
0.00021655853490723975,0.9999527721050139
0.00021831172210680984,0.9999524826233813
0.00022007910253759157,0.9999521890544867
0.00022186079110335087,0.9999518913532509
0.00022365690363807756,0.9999515894756127
0.0002254675569135154,0.999951283393746
0.00022729286864675387,0.9999509730643098
0.0002291329575078823,0.9999506584363237
0.0002309879431277036,0.9999503394587987
0.00023285794610551297,0.9999500160807482
0.00023474308801693788,0.9999496882511913
0.0002366434914218424,0.9999493559191455
0.0002385592798722958,0.9999490190336234
0.00024049057792060395,0.9999486775436387
0.00024243751112740765,0.9999483313982099
0.0002444002060698458,0.9999479805463547
0.00024637879034978416,0.999947624937088
0.0002483733926021123,0.9999472645194277
0.0002503841425031051,0.9999468992423858
0.00025241117077885446,0.9999465290549819
0.00025445460921376807,0.9999461539062319
0.000256514590659137,0.9999457737451595
0.0002585912490417736,0.9999453885207686
0.0002606847193727172,0.9999449981820898
0.000262795137756013,0.9999446026781326
0.00026492264139755964,0.9999442019579161
0.00026706736861402993,0.9999437959704586
0.0002692294588418642,0.9999433846647796
0.00027140905264633365,0.9999429679898959
0.00027360629173068043,0.999942545894824
0.0002758213189453297,0.9999421183285827
0.00027805427829717715,0.9999416852401933
0.00028030531495895167,0.9999412465786747
0.0002825745752786525,0.999940802302253
0.00028486220678906497,0.9999403523900786
0.00028716835821735137,0.9999398968024635
0.0002894931794947204,0.9999394354983915
0.0002918368217661758,0.9999389684368619
0.00029419943740034097,0.999938495576866
0.00029658117999936613,0.9999380168773967
0.00029898220440891464,0.999937532297445
0.0003014026667282293,0.9999370417960081
0.00030384272432028265,0.9999365453320808
0.00030630253582200433,0.9999360428646501
0.000308782261154599,0.9999355343527203
0.0003112820615339398,0.999935019755278
0.0003138020994810515,0.9999344990313236
0.0003163425388326759,0.9999339721398451
0.00031890354475192314,0.9999334390398418
0.00032148528373901106,0.9999328996903095
0.00032408792364208803,0.9999323540502416
0.00032671163366814637,0.9999318020786335
0.0003293565843940231,0.9999312437344862
0.0003320229477774892,0.9999306789767896
0.00033471089716843064,0.9999301077645434
0.0003374206073201166,0.9999295300567416
0.0003401522544005619,0.9999289458123808
0.00034290601600398007,0.9999283549904593
0.0003456820711623291,0.9999277575499791
0.0003484806003569524,0.9999271534499283
0.00035130178553031017,0.9999265426493078
0.00035414581009780984,0.9999259251076196
0.00035701285895973014,0.9999253008201707
0.00035990311851324177,0.9999246698050557
0.0003628167766645269,0.9999240320725701
0.00036575402284099405,0.999923387632997
0.00036871504800359425,0.9999227364966294
0.0003717000446592363,0.9999220786737564
0.0003747092068733016,0.9999214141746686
0.00037774273028226264,0.9999207430096543
0.0003808008121063998,0.9999200651890058
0.00038388365116262486,0.9999193807230121
0.00038699144787740644,0.9999186896219645
0.0003901244042997999,0.9999179918961498
0.0003932827241145852,0.9999172875558607
0.00039646661265550635,0.9999165766113928
0.00039967627691862287,0.9999158590730256
0.00040291192557576674,0.999915134951058
0.0004061737689881085,0.9999144042557832
0.00040946201921983544,0.9999136669974872
0.00041277689005193597,0.9999129231864621
0.0004161185969960999,0.9999121728329954
0.00041948735730872955,0.999911415947385
0.00042288339000506333,0.9999106525399183
0.0004263069158734178,0.9999098826208919
0.00042975815748953614,0.9999091062005898
0.0004332373392310653,0.9999083232893069
0.0004367446872921387,0.9999075338973371
0.000440280429698084,0.9999067380349707
0.0004438447963202475,0.9999059357124981
0.00044743801889093844,0.9999051269510082
0.0004510603310184965,0.9999043118382562
0.00045471196820247675,0.9999034904652772
0.00045839316784896257,0.9999026629204528
0.00046210416928599903,0.9999018292921673
0.00046584521377915285,0.9999009896687994
0.0004696165445471992,0.9999001441387282
0.0004734184067779316,0.9998992927903415
0.00047725104764410463,0.9998984357120173
0.0004811147163195025,0.9998975729921341
0.0004850096639951388,0.9998967047190772
0.0004889361438955888,0.9998958309812221
0.00049289441129545,0.9998949518669527
0.0004968847235359399,0.9998940674646508
0.0005009073400416268,0.99989317786269
0.000504962522337295,0.9998922831494534
0.0005090505340649494,0.9998913834133211
0.0005131716410009535,0.99989047874267
0.0005173261110733094,0.9998895692258796
0.0005215142143790771,0.9998886549513307
0.0005257362232019337,0.9998877360073966
0.0005299924120298774,0.9998868124824629
0.0005342830575730705,0.9998858844648968
0.0005386084387818306,0.9998849520430871
0.0005429688368647662,0.9998840153054057
0.0005473645353070581,0.999883074340227
0.0005517958198888925,0.9998821292359311
0.0005562629787040367,0.9998811800808932
0.0005607663021785721,0.9998802269635481
0.0005653060830897745,0.9998792700288157
0.0005698826165851486,0.9998783095157119
0.0005744962002016182,0.9998773456609862
0.0005791471338848677,0.9998763787013812
0.0005838357200088443,0.9998754088736466
0.0005885622633954159,0.9998744364145247
0.0005933270713341878,0.999873461560755
0.0005981304536024846,0.9998724845490901
0.0006029727224854825,0.9998715056162625
0.0006078541927965206,0.9998705249990195
0.0006127751818975619,0.999869542934095
0.0006177360097198287,0.9998685596582363
0.000622736998784602,0.9998675754081758
0.0006277784742241894,0.9998665904206516
0.0006328607638030649,0.9998656049324048
0.0006379841979391754,0.999864619180161
0.0006431491097254239,0.9998636334006633
0.0006483558349513246,0.9998626478306442
0.000653604712124834,0.9998616627068336
0.0006588960824943599,0.9998606782659633
0.000664230290070944,0.999859694744766
0.0006696076816506296,0.9998587123799658
0.0006750286068370079,0.9998577314083053
0.0006804934180639457,0.9998567520664972
0.0006860024706185013,0.9998557745912768
0.0006915561226640192,0.9998547992193699
0.000697154735263418,0.9998538261874971
0.0007027986724026641,0.999852855732389
0.0007084883010144339,0.9998518881001517
0.0007142239910019741,0.9998509235065403
0.0007200061152631445,0.9998499619909019
0.0007258350497146654,0.9998490035727312
0.0007317111733165558,0.9998480482715121
0.0007376348680967707,0.9998470961067473
0.0007436065191760415,0.9998461470979256
0.0007496265147929066,0.9998452012645346
0.0007556952463289616,0.9998442586260698
0.0007618131083342969,0.9998433192020254
0.0007679804985531515,0.99984238301189
0.0007741978179497751,0.9998414500751559
0.0007804654707344877,0.999840520411319
0.0007867838643899694,0.9998395940398678
0.000793153409697744,0.9998386709802921
0.0007995745207648884,0.9998377512520866
0.0008060476150509585,0.9998368348747412
0.0008125731133951205,0.9998359218677496
0.0008191514400435232,0.9998350122506036
0.0008257830226768699,0.9998341060427935
0.0008324682924382281,0.9998332032638113
0.0008392076839610614,0.9998323039331504
0.0008460016353974783,0.9998314080702975
0.0008528505884467299,0.9998305156947458
0.0008597549883839167,0.9998296268259927
0.0008667152840889411,0.9998287414835229
0.0008737319280756938,0.9998278596868312
0.0008808053765214645,0.9998269814554042
0.0008879360892966113,0.9998261068087386
0.0008951245299944491,0.9998252358012044
0.000902371165961393,0.9998243685451584
0.0009096764683273454,0.9998235051364995
0.0009170409120363166,0.9998226456710081
0.0009244649758773146,0.9998217902444596
0.0009319491425154637,0.9998209389526218
0.0009394938985233868,0.9998200918912764
0.0009470997344128443,0.9998192491561876
0.0009547671446666127,0.9998184108431326
0.0009624966277706463,0.9998175770478871
0.0009702886862464755,0.9998167478662214
0.0009781438266838812,0.9998159233939038
0.0009860625597738306,0.9998151037267138
0.0009940454003416765,0.9998142889604191
0.0010020928673806332,0.9998134791907878
0.0010102054840855116,0.9998126745135948
0.0010183837778867373,0.9998118750246124
0.0010266282804846417,0.9998110808196098
0.0010349395278840261,0.9998102919943597
0.0010433180604290172,0.9998095086446268
0.0010517644228381824,0.9998087308661878
0.0010602791642399618,0.99980795875481
0.001068862838208355,0.9998071924062608
0.0010775160027989155,0.9998064319163127
0.0010862392205850382,0.9998056773807361
0.0010950330586945193,0.9998049288952943
0.001103898088846445,0.9998041865557611
0.0011128348873883482,0.9998034504579079
0.0011218440353336831,0.9998027207065213
0.0011309261183996035,0.9998019974680866
0.0011400817270450303,0.9998012807915981
0.0011493114565090548,0.9998005706956028
0.0011586159068496258,0.999799867198644
0.0011679956829825642,0.999799170319267
0.0011774513947208976,0.9997984800760209
0.0011869836568144919,0.9997977964874438
0.0011965930889900362,0.9997971195720902
0.0012062803159913187,0.999796449348502
0.0012160459676198506,0.9997957858352232
0.0012258906787758145,0.9997951290508034
0.001235815089499329,0.9997944790137843
0.0012458198450120781,0.999793835742716
0.001255905595759244,0.9997931992561424
0.001266072997451801,0.9997925695726096
0.0012763227111091508,0.9997919467106642
0.001286655403102083,0.9997913306888573
0.0012970717451961167,0.9997907215257268
0.0013075724145951604,0.9997901192398245
0.0013181580939855438,0.9997895238496949
0.0013288294715804079,0.9997889353738886
0.0013395872411644336,0.9997883538309521
0.001350432102138965,0.9997877792394256
0.0013613647595674655,0.999787211617863
0.0013723859242213644,0.9997866509848109
0.0013834963126262638,0.9997860973588139
0.0013946966471085215,0.9997855507584221
0.0014059876558422185,0.9997850112021816
0.001417370072896491,0.9997844787467944
0.001428844638283261,0.9997839534826609
0.0014404120980053441,0.9997834354255848
0.0014520732041049516,0.9997829245894176
0.0014638287147125876,0.9997824209880138
0.0014756793940963234,0.9997819246352253
0.0014876260127115052,0.9997814355449014
0.0014996693472508287,0.9997809537308996
0.0015118101806948394,0.9997804792070638
0.0015240493023628442,0.9997800119872522
0.001536387507964211,0.9997795520853178
0.001548825599650121,0.9997790995151133
0.0015613643860657037,0.999778654290489
0.0015740046824026157,0.9997782164252957
0.0015867473104520453,0.9997777859333965
0.0015995930986581225,0.9997773628286322
0.0016125428821718024,0.9997769471248673
0.0016255975029051426,0.9997765388359485
0.001638757809586046,0.9997761379757302
0.001652024657813446,0.9997757445580663
0.0016653989101129147,0.999775358596813
0.0016788814359927602,0.9997749801058227
0.0016924731120005402,0.9997746090989508
0.001706174821780055,0.9997742455900476
0.001719987456128803,0.9997738895929777
0.0017339119130558773,0.999773541121585
0.0017479490978403703,0.9997732001897285
0.0017620999230902128,0.9997728668112638
0.00177636530880151,0.9997725410042193
0.0017907461824183634,0.9997722228185083
0.0018052434788931463,0.9997719121304178
0.001819858140747314,0.9997716087648568
0.00183459111813266,0.9997713125467382
0.0018494433688930967,0.9997710233009687
0.0018644158586269362,0.9997707408524633
0.0018795095607496456,0.9997704650261277
0.001894725456557159,0.9997701956468739
0.0019100645352896543,0.9997699325396154
0.0019255277941958775,0.9997696755292634
0.0019411162385979746,0.9997694244407264
0.001956830881956849,0.9997691790989195
0.0019726727459380587,0.9997689393287553
0.0019886428604782283,0.9997687049551482
0.0020047422638520117,0.9997684758030041
0.002020972002739599,0.9997682516972461
0.0020373331322947573,0.999768032462781
0.0020538267162134426,0.9997678179245204
0.002070453826802932,0.9997676079073867
0.0020872155450515667,0.9997674022362889
0.002104112960699008,0.9997672007361412
0.0021211471723070943,0.999767003231858
0.0021383192873312695,0.9997668095483568
0.0021556304221925617,0.9997666195105492
0.0021730817023501926,0.9997664329433466
0.0021906742623747266,0.9997662496716748
0.0022084092460218415,0.9997660695204452
0.0022262878063066954,0.9997658923145647
0.0022443111055788652,0.9997657179547971
0.002262480315597948,0.9997655467668523
0.002280796617609711,0.9997653791658807
0.002299261202422907,0.9997652155620418
0.0023178752704866926,0.9997650563654912
0.0023366400319686535,0.9997649019863808
0.002355556706833515,0.9997647528348643
0.0023746265249224275,0.9997646093211022
0.002393850726032935,0.9997644718552441
0.0024132305599995863,0.9997643408474446
0.0024327672867751663,0.9997642167078589
0.002452462176512643,0.9997640998466466
0.002472316509647719,0.9997639906739507
0.0024923315769820853,0.9997638895999339
0.0025125086797673536,0.9997637970347462
0.0025328491297896246,0.9997637133885435
0.002553354249454809,0.9997636390714817
0.0025740253718745743,0.999763574493714
0.0025948638409530253,0.9997635200653904
0.0026158710114740852,0.9997634761966755
0.0026370482491895474,0.9997634432977173
0.002658396930907904,0.9997634217786702
0.0026799184445838306,0.9997634120496935
0.002701614189408431,0.9997634145209413
0.002723485575900204,0.9997634296025747
0.002745534025996744,0.9997634577047438
0.0027677609731471945,0.999763499237609
0.0027901678624054284,0.9997635546113304
0.0028127561505240056,0.9997636242379394
0.0028355273060488785,0.9997637085441405
0.0028584828094148653,0.9997638076245038
0.0028816241530419135,0.999763921455549
0.0029049528414320943,0.9997640500137872
0.002928470391267457,0.9997641932757374
0.002952178331508602,0.9997643512179133
0.0029760782034940958,0.9997645238168287
0.0030001715610406894,0.9997647110490072
0.0030244599705443087,0.9997649128909638
0.003048945011081927,0.9997651293192185
0.0030736282745142006,0.9997653603102866
0.003098511365588968,0.9997656058406902
0.0031235959020455947,0.9997658658869525
0.0031488835147201154,0.9997661404255894
0.0031743758476513013,0.9997664294331263
0.003200074558187514,0.9997667328860835
0.0032259813170944646,0.9997670507609852
0.0032520978086638514,0.9997673830343513
0.003278425730822826,0.9997677296827112
0.003304966795244427,0.9997680906825878
0.0033317227274588246,0.999768466010504
0.00335869526696552,0.9997688556429859
0.003385886167346446,0.9997692595565649
0.0034132971963799397,0.9997696777277588
0.0034409301361557182,0.9997701101331025
0.0034687867831907004,0.9997705567491202
0.0034968689485458215,0.9997710175523424
0.0035251784579437874,0.9997714925193019
0.0035537171518877347,0.999771981590794
0.0035824868857809366,0.999772483556913
0.003611489530047393,0.9997729959877605
0.003640726970253444,0.9997735164013527
0.0036702011072303757,0.9997740423157087
0.003699913857197956,0.99977457124884
0.003729867151889069,0.9997751007187574
0.003760062938675263,0.9997756282434589
0.0037905031806933754,0.9997761513409329
0.003821189856973157,0.9997766675291819
0.0038521249625659334,0.9997771743261811
0.0038833105086743267,0.999777669249917
0.003914748522782988,0.9997781498183663
0.003946441048790423,0.9997786135494946
0.003978390147141878,0.9997790579612775
0.004010597894963281,0.9997794805716752
0.004043066386196313,0.9997798788986537
0.004075797731734496,0.9997802504601673
0.004108794059560483,0.9997805927741787
0.004142057514884364,0.9997809033586414
0.004175590260283148,0.9997811797315129
0.004209394475841383,0.9997814194107507
0.004243472359292835,0.9997816199143147
0.004277826126163438,0.9997817787601648
0.004312458009915282,0.9997818934662656
0.0043473702620918375,0.9997819615505859
0.004382565152464353,0.999781980531106
0.004418044969179375,0.9997819479257991
0.004453812018907565,0.999781861252902
0.004489868626993623,0.9997817193717262
0.004526217137607477,0.9997815251352252
0.004562859913896712,0.9997812821009481
0.004599799338140145,0.9997809938264411
0.004637037811902786,0.9997806638692609
0.004674577756191908,0.9997802957869604
0.004712421611614467,0.9997798931370956
0.0047505718385357975,0.9997794594772218
0.004789030917239514,0.9997789983648845
0.004827801348088832,0.9997785133576265
0.004866885651689071,0.9997780080129949
0.00490628636905155,0.9997774858885186
0.004946006061758804,0.9997769505417267
0.004986047312131068,0.9997764055301399
0.005026412723394238,0.9997758544112717
0.005067104919849051,0.9997753007426291
0.005108126547041732,0.9997747480817081
0.005149480271936002,0.9997741999860037
0.005191168783086412,0.9997736600129915
0.005233194790813211,0.9997731317201488
0.005275561027378498,0.9997726186649473
0.005318270247163872,0.9997721244048433
0.0053613252268495115,0.9997716524972956
0.005404728765594688,0.9997712064997443
0.005448483685219762,0.9997707899696449
0.005492592830389619,0.9997704064644367
0.005537059068798626,0.9997700595415566
0.0055818852913570695,0.9997697527584462
0.005627074412379095,0.9997694896428098
0.005672629369772206,0.9997692714892823
0.005718553125228208,0.9997690963775435
0.005764848664415833,0.9997689621603989
0.005811518997174793,0.999768866690666
0.005858567157711479,0.999768807821166
0.005905996204796249,0.9997687834047269
0.005953809221962224,0.9997687912941704
0.006002009317705848,0.9997688293423339
0.006050599625688911,0.9997688954020523
0.006099583304942305,0.9997689873261604
0.006148963540071432,0.9997691029674992
0.006198743541463178,0.999769240178904
0.0062489265454947086,0.9997693968132173
0.006299515814743824,0.999769570723275
0.006350514638201089,0.9997697597619176
0.006401926331483686,0.9997699617819823
0.006453754237050904,0.9997701746363079
0.006506001724421544,0.9997703961777265
0.0065586721903929,0.9997706242590726
0.006611769059261626,0.9997708567331791
0.006665295783046394,0.9997710914528747
0.006719255841712245,0.9997713262709864
0.006773652743396927,0.9997715590403411
0.006828490024638901,0.9997717876137616
0.00688377125060729,0.9997720098440738
0.006939500015333668,0.9997722235840893
0.006995679941945707,0.9997724266866366
0.007052314682902758,0.9997726170045252
0.00710940792023327,0.9997727929990765
0.0071669633657741975,0.9997729543049209
0.007224984761412317,0.9997731003238357
0.007283475879327494,0.9997732304543199
0.007342440522237945,0.9997733440948836
0.007401882523647438,0.999773440644023
0.00746180574809454,0.9997735195002477
0.007522214091403858,0.9997735800620572
0.007583111480939319,0.9997736217279641
0.007644501875859528,0.9997736438964682
0.007706389267375124,0.9997736459660789
0.00776877767900829,0.9997736273353085
0.00783167116685433,0.9997735874026636
0.007895073819845368,0.9997735255666599
0.007958989760016206,0.999773441225806
0.008023423142772275,0.9997733337786177
0.008088378157159815,0.9997732026236166
0.008153859026138223,0.9997730471593143
0.008219870006854589,0.9997728667842389
0.008286415390920473,0.9997726608969043
0.008353499504690947,0.999772428895847
0.00842112670954581,0.9997721701795874
0.008489301402173183,0.999771884146659
0.008558028014855336,0.9997715701955926
0.00862731101575684,0.9997712277249323
0.008697154909215094,0.9997708561332119
0.008767564236033117,0.9997704548189738
0.008838543573774794,0.9997700231807688
0.008910097537062475,0.9997695607258197
0.008982230777876972,0.9997690693117471
0.00905494798586005,0.9997685524018267
0.00912825388861925,0.9997680133867403
0.00920215325203529,0.9997674556571643
0.009276650880571901,0.9997668826037673
0.00935175161758818,0.9997662976172087
0.009427460345653503,0.9997657040881406
0.0095037819868649,0.9997651054072145
0.00958072150316711,0.9997645049650615
0.009658283896675154,0.999763906152319
0.009736474209999539,0.9997633123596016
0.009815297526574096,0.9997627269775283
0.009894758970986501,0.9997621533967022
0.009974863709311397,0.9997615950077255
0.010055616949446282,0.9997610552011877
0.010137023941450097,0.9997605373676731
0.010219089977884533,0.999760044897761
0.01030182039415817,0.9997595811820329
0.010385220568873272,0.9997591496110494
0.010469295924175531,0.9997587535753836
0.010554051926106556,0.9997583964656009
0.010639494084959235,0.9997580816722673
0.010725627955636023,0.9997578125859454
0.010812459138010011,0.999757592597207
0.010899993277289056,0.9997574250966268
0.010988236064382768,0.9997573134747771
0.011077193236272494,0.9997572611222495
0.01116687057638434,0.9997572714296368
0.011257273914965114,0.9997573471431882
0.011348409129461404,0.9997574848848357
0.01144028214490169,0.9997576780036044
0.011532898934281548,0.9997579198219755
0.011626265518951963,0.999758203662443
0.01172038796901085,0.9997585228475033
0.011815272403697615,0.999758870699643
0.011910924991791045,0.9997592405413427
0.012007351952010345,0.9997596256950758
0.012104559553419424,0.9997600194833065
0.012202554115834532,0.9997604152284857
0.01230134201023504,0.9997608062530606
0.012400929659177707,0.9997611858794642
0.012501323537214214,0.9997615474301152
0.012602530171312087,0.9997618842274297
0.012704556141279084,0.9997621895938161
0.012807408080190905,0.9997624568516735
0.012911092674822476,0.9997626793234031
0.01301561666608267,0.9997628503313987
0.013120986849452546,0.9997629631980589
0.013227210075427194,0.9997630112457964
0.01333429324996104,0.9997629877970233
0.01344224333491688,0.9997628861741732
0.01355106734851847,0.9997626996996964
0.013660772365806815,0.9997624216960753
0.013771365519100137,0.9997620454858123
0.013882853998457609,0.9997615643914607
0.013995245052146742,0.9997609717356083
0.014108545987114663,0.9997602608017635
0.01422276416946316,0.9997594266087884
0.01433790702492756,0.9997584711824467
0.014453982039359568,0.9997573978737443
0.01457099675921385,0.9997562100337177
0.014688958792038725,0.9997549110134347
0.014807875806970731,0.9997535041639748
0.01492775553523323,0.9997519928364389
0.015048605770639078,0.999750380381938
0.015170434370097258,0.999748670151602
0.015293249254123734,0.9997468654965527
0.015417058407356382,0.9997449697679222
0.015541869879074082,0.9997429863168497
0.0156676917837201,0.9997409184944575
0.015794532301429534,0.9997387696518765
0.015922399678561204,0.9997365431402148
0.016051302228233758,0.9997342423105843
0.016181248330866135,0.9997318705140685
0.016312246434722403,0.9997294311017485
0.016444305056461057,0.9997269274246706
0.016577432781688627,0.9997243628338779
0.016711638265517942,0.9997217406803792
0.01684693023313079,0.9997190643151608
0.016983317480345157,0.9997163370891854
0.01712080887418717,0.9997135623533863
0.01725941335346743,0.9997107434586584
0.017399139929362272,0.9997078837558817
0.017539997685999554,0.9997049865958871
0.017681995781049262,0.9997020553294823
0.01782514344631893,0.99969909055465
0.017969449988353755,0.9996960848176442
0.018114924789041684,0.999693035751288
0.018261577306223378,0.9996899414707487
0.018409417074307072,0.999686800091214
0.0185584537048885,0.9996836097279084
0.018708696887375698,0.9996803684960825
0.018860156389618996,0.999677074511024
0.01901284205854605,0.9996737258880471
0.019166763820802027,0.9996703207425048
0.01932193168339496,0.9996668571897885
0.019478355734346402,0.9996633333453157
0.019636046143347182,0.9996597473245514
0.01979501316241865,0.9996560972429909
0.019955267126579166,0.9996523812161747
0.020116818454516003,0.9996485973596819
0.02027967764926279,0.9996447437891353
0.02044385529888223,0.9996408186201973
0.020609362077154535,0.9996368199685779
0.020776208744271368,0.9996327459500329
0.02094440614753536,0.999628594680368
0.021113965222065437,0.9996243642754296
0.021284896991507606,0.9996200528511262
0.021457212568751736,0.99961565852341
0.02163092315665402,0.9996111794082865
0.02180604004876531,0.9996066136218232
0.02198257463006541,0.9996019592801377
0.022160538377703147,0.9995972144994083
0.022339942861742613,0.9995923772062905
0.022520799745915362,0.9995874329474984
0.02270312078837872,0.999582375796033
0.02288691784248018,0.9995772088479473
0.02307220285752815,0.999571935199271
0.02325898787956865,0.9995665579459905
0.0234472850521686,0.9995610801840729
0.023637106617205257,0.9995555050094412
0.023828464915662113,0.9995498355179789
0.024021372388431276,0.9995440748055279
0.024215841577122216,0.9995382259678829
0.024411885124877183,0.9995322921007969
0.024609515777193187,0.9995262762999534
0.02480874638275059,0.9995201816610044
0.025009589894248556,0.9995140112795325
0.025212059369246993,0.9995077682510656
0.025416167971015577,0.9995014556710681
0.02562192896938953,0.9994950766349436
0.025829355741632278,0.9994886342380304
0.026038461773305308,0.9994821315755974
0.02624926065914471,0.9994755717428456
0.02646176610394516,0.9994689578349029
0.026675991923450874,0.9994622929468296
0.02689195204525382,0.9994555801736061
0.02710966050969918,0.9994488226101432
0.027329131470798265,0.9994420233512653
0.027550379197148554,0.9994351854917239
0.027773418072861482,0.9994283121261922
0.02799826259849753,0.9994214063492587
0.028224927392008957,0.9994144719121475
0.0284534271896903,0.9994075123234378
0.02868377684713621,0.9994005250258723
0.02891599134020743,0.9993935069108575
0.02915008576600437,0.9993864548699032
0.029386075343848624,0.9993793657945936
0.029623975416272513,0.9993722365766253
0.02986380145001642,0.9993650641077718
0.03010556903703443,0.9993578452799077
0.03034929389550799,0.9993505769850048
0.0305949918708678,0.9993432561151263
0.03084267893682407,0.9993358795624439
0.031092371196404872,0.9993284442192236
0.031344084883003165,0.9993209469778301
0.031597836361432145,0.9993133847307456
0.03185364212898921,0.9993057543705471
0.032111518816528455,0.9992980527899211
0.03237148318954203,0.9992902768816742
0.03263355214924994,0.9992824235387132
0.032897742733699,0.9992744896540653
0.033164072118870465,0.999266472120881
0.03343255761979671,0.9992583678324258
0.03370321669168704,0.9992501736820847
0.033976066931062365,0.9992418865633768
0.0342511260768993,0.9992335033699443
0.034528412011783416,0.9992250209955544
0.034807942763071836,0.9992164363341258
0.03508973650406539,0.9992077462797013
0.03537381155518989,0.9991989477400638
0.035660186385187406,0.9991900888177307
0.03594887961231689,0.9991812136011534
0.03623991000556459,0.99917231778381
0.036533296485864473,0.9991633970593383
0.036829058127328104,0.9991544471215312
0.037127214158484856,0.9991454636643375
0.03742778396353198,0.9991364423818616
0.037730787083594904,0.9991273789683709
0.038036243217997534,0.9991182691182904
0.03834417222554323,0.9991091085262177
0.03865459412580561,0.9990998928869012
0.038967529100430255,0.9990906178952708
0.03928299749444678,0.9990812792464128
0.039601019817591454,0.9990718726355955
0.03992161674564082,0.9990623937582629
0.04024480912175561,0.9990528383100369
0.04057061795783605,0.9990432019867131
0.040899064435887825,0.9990334804842805
0.0412301699093992,0.9990236694989169
0.04156395590472942,0.9990137647269896
0.04190044412250799,0.9990037618650603
0.042239656439045675,0.9989936566098998
0.04258161490775671,0.9989834446584696
0.0429263417605925,0.9989731217079526
0.04327385940948722,0.9989626834557468
0.04362419044781465,0.9989521255994601
0.043977357651857125,0.9989414438369268
0.04433338398228638,0.9989306338662156
0.04469229258565624,0.9989196901602132
0.04505410679590741,0.9989085964844001
0.04541885013588472,0.9988973381650685
0.04578654631886612,0.9988859017843756
0.04615721925010456,0.9988742739251972
0.04653089302838213,0.9988624411711313
0.04690759194757673,0.9988503901065353
0.04728734049824173,0.9988381073165542
0.04767016336919785,0.9988255793871433
0.04805608544913851,0.9988127929051122
0.048445131828247855,0.9987997344581429
0.04883732779983193,0.9987863906348486
0.049232698861963284,0.998772748024776
0.04963127071913837,0.998758793218486
0.050033069283948906,0.9987445128075589
0.05043812067876651,0.9987298933846629
0.050846451237440915,0.9987149215435848
0.05125808750701228,0.9986995838792793
0.051673056249436786,0.9986838669879174
0.052091384443326685,0.9986677574669381
0.052513099285704315,0.998651241915095
0.0529382281937702,0.9986343069325252
0.05336679880668551,0.9986169391207792
0.05379883898736923,0.9985991250828998
0.05423437682430925,0.9985808514234799
0.05467344063338877,0.9985621047487022
0.0551160589597271,0.9985428716664272
0.0555622605795355,0.9985231387862481
0.05601207450198818,0.9985028927195466
0.056465529971108,0.9984819878996669
0.05692265646766795,0.9984602515790301
0.05738348371110769,0.9984377214462972
0.05784804166146576,0.9984144368325929
0.05831636052132752,0.9983904370671539
0.05878847073778845,0.9983657614770315
0.05926440300443383,0.9983404493868158
0.05974418826333418,0.9983145401183883
0.06022785770705685,0.9982880729906753
0.060715442780694254,0.9982610873194192
0.06120697518390779,0.9982336224169569
0.06170248687298902,0.9982057175920456
0.06220201006293725,0.9981774121496626
0.06270557722955387,0.998148745390844
0.06321322111155371,0.9981197566125426
0.06372497471269371,0.9980904851074867
0.0642408713039183,0.9980609701640573
0.06476094442552266,0.9980312510662022
0.06528522788933322,0.9980013670933223
0.06581375578090592,0.9979713575202184
0.06634656246174236,0.9979412616170295
0.06688368257152351,0.9979111186491837
0.06742515103036188,0.99788096787738
0.06797100304107187,0.9978508485575841
0.06852127409145826,0.9978207999410059
0.06907599995662378,0.9977908612741531
0.06963521670129443,0.9977610717988505
0.07019896068216458,0.9977314707522834
0.0707672685502605,0.9977021344434627
0.07134017725332316,0.9976735201753277
0.07191772403821056,0.9976456949239422
0.07249994645331892,0.9976185837564726
0.07308688235102406,0.997592111749863
0.0736785698901423,0.9975662039903299
0.07427504753841127,0.9975407855729288
0.07487635407499077,0.9975157816011291
0.07548252859298424,0.9974911171865002
0.07609361050197991,0.9974667174484142
0.07670963953061322,0.9974425075138251
0.0773306557291497,0.9974184125170998
0.07795669947208866,0.9973943575998873
0.07858781146078843,0.9973702679110996
0.07922403272611199,0.9973460686068532
0.07986540463109486,0.997321684850576
0.08051196887363425,0.9972970418130914
0.0811637674891998,0.9972720646727817
0.08182084285356683,0.99724667861583
0.08248323768557089,0.9972208088364706
0.08315099504988535,0.9971943805373603
0.0838241583598211,0.9971673189299328
0.08450277138014893,0.9971395492348717
0.08518687822994524,0.9971109966826004
0.08587652338545973,0.9970815865138447
0.08657175168300744,0.9970512439802524
0.08727260832188358,0.997019894345058
0.08797913886730206,0.9969874628838159
0.08869138925335784,0.9969538748851728
0.08940940578601354,0.9969188556103924
0.0901332351461095,0.9968819883906768
0.09086292439239899,0.9968433482676662
0.09159852096460759,0.9968030260441285
0.09234007268651727,0.9967611125169905
0.09308762776907606,0.9967176984758727
0.09384123481353181,0.996672874701664
0.09460094281459223,0.9966267319652018
0.09536680116361029,0.9965793610260402
0.09613885965179504,0.9965308526312707
0.09691716847344924,0.9964812975144735
0.09770177822923204,0.9964307863947023
0.0984927399294491,0.9963794099755799
0.09929010499736887,0.9963272589444817
0.10009392527256569,0.9962744239717648
0.10090425301429047,0.9962209957101301
0.10172114090486765,0.996167064794022
0.10254464205312067,0.9961127218391526
0.10337480999782464,0.9960580574420554
0.1042116987111872,0.9960031621797762
0.10505536260235716,0.9959481266096187
0.1059058565209624,0.9958930412689702
0.10676323576067519,0.9958379966752048
0.10762755606280734,0.9957830833257058
0.10849887361993421,0.9957283916979253
0.10937724507954774,0.9956740122495383
0.11026272754773984,0.9956200354187145
0.11115537859291436,0.9955665516244041
0.1120552562495302,0.9955136653880706
0.11296241902187439,0.9954617793411926
0.11387692588786538,0.9954109715797684
0.11479883630288801,0.995361144514811
0.11572821020365806,0.9953122005799371
0.11666510801211961,0.9952640422304678
0.11760959063937301,0.9952165719425958
0.11856171948963488,0.9951696922126674
0.11952155646423072,0.9951233055565727
0.12048916396561858,0.995077314509183
0.12146460490144655,0.9950316216239472
0.12244794268864251,0.99498612947254
0.12343924125753705,0.9949407406446075
0.12443856505601977,0.9948953577476368
0.12544597905372973,0.9948498834068918
0.12646154874627852,0.9948042202654604
0.12748534015950905,0.994758270984373
0.12851741985378778,0.9947119382428686
0.12955785492833216,0.994665124738698
0.1306067130255733,0.9946177331885445
0.13166406233555303,0.9945696663285647
0.13272997160035754,0.9945208269149686
0.1338045101185866,0.994471117724768
0.1348877477498586,0.994420441556536
0.13597975491935305,0.9943687012313428
0.1370806026223883,0.9943157995937228
0.1381903624290378,0.994261639512782
0.1393091064887829,0.9942061238833627
0.1404369075352034,0.9941491556273384
0.141573838890707,0.9940905748161667
0.14271997447129509,0.9940301562555489
0.1438753887913691,0.9939679384645037
0.14504015696857478,0.9939039774597545
0.14621435472868563,0.9938383292530797
0.14739805841052636,0.9937710498503209
0.14859134497093618,0.9937021952504589
0.14979429198977137,0.9936318214447358
0.15100697767494953,0.9935599844157406
0.15222948086753404,0.9934867401366104
0.1534618810468596,0.9934121445702029
0.15470425833570012,0.9933362536683363
0.15595669350547695,0.9932591233710295
0.15721926798151054,0.993180809605816
0.15849206384831424,0.9931013682870214
0.1597751638549306,0.9930208553151607
0.16106865142031193,0.9929393265762929
0.16237261063874264,0.9928568379414433
0.16368712628530718,0.9927734452660395
0.16501228382140137,0.9926892043894081
0.16634816940028851,0.9926041711342645
0.16769486987270102,0.9925184013062648
0.16905247279248603,0.9924319506935613
0.17042106642229815,0.9923448750664241
0.17180073973933768,0.9922572301768616
0.1731915824411353,0.9921690717582878
0.17459368495138336,0.9920804555252216
0.17600713842581553,0.9919914371730144
0.17743203475813193,0.9919020731448637
0.17886846658597427,0.9918124715647997
0.18031652729694847,0.9917226659261132
0.1817763110346956,0.9916326355362225
0.18324791270501375,0.9915423597102008
0.18473142798202657,0.9914518177708779
0.18622695331440453,0.991360989048839
0.18773458593163497,0.9912698528825273
0.18925442385034327,0.9911783886182778
0.1907865658806659,0.9910865756103988
0.1923311116326735,0.9909943932212324
0.19388816152284735,0.9909018208212379
0.19545781678060792,0.990808837789065
0.19704017945489577,0.9907154235116407
0.19863535242080696,0.990621557384254
0.2002434393862801,0.9905272188106505
0.2018645448988397,0.9904323872031292
0.2034987743523929,0.9903370419826429
0.20514623399408138,0.9902411625788996
0.20680703093118888,0.990144728430479
0.20848127313810538,0.9900477189849356
0.2101690694633456,0.9899501136989279
0.21187052963662656,0.9898518920383333
0.2135857642760012,0.9897530334783722
0.21531488489504985,0.9896535175037486
0.21705800391013116,0.9895533236087726
0.21881523464768912,0.9894524312975089
0.22058669135162196,0.9893508200839146
0.22237248919070915,0.9892484694919936
0.22417274426609868,0.9891453540551813
0.22598757361885646,0.9890414419959846
0.2278170952375737,0.9889367397366953
0.22966142806603917,0.9888312578087114
0.23152069201097158,0.9887250067409038
0.23339500794981513,0.9886179970595343
0.235284497738599,0.9885102392881837
0.23718928421985835,0.9884017439476583
0.23910949123062158,0.9882925215559256
0.24104524361046134,0.988182582628031
0.24299666720961058,0.9880719376760171
0.24496388889714443,0.9879605972088581
0.24694703656922945,0.9878485717323823
0.24894623915743705,0.9877358717491971
0.2509616266371267,0.9876225077586226
0.2529933300358961,0.9875084902566137
0.25504148144209915,0.987393829735702
0.257106214013435,0.9872785366849135
0.2591876619856029,0.9871626215897159
0.26128596068103116,0.9870460949319421
0.26340124651767405,0.9869289671897299
0.2655336570178808,0.9868112488374583
0.2676833308173376,0.986692950345684
0.269850407674079,0.9865740821810799
0.27203502847757527,0.9864546548063766
0.2742373352578918,0.9863346786802972
0.2764574711949228,0.9862141642575087
0.27869558062770095,0.9860931219885567
0.28095180906377987,0.9859715623199381
0.28322630318869496,0.9858495083168377
0.2855192108755,0.985726983672583
0.28783068119438054,0.9856039999204739
0.29016086442234557,0.9854805685887983
0.2925099120529985,0.9853567012007713
0.2948779768063845,0.9852324092744922
0.29726521263892086,0.9851077043228863
0.29967177475340573,0.9849825978536659
0.3020978196091079,0.9848571013692792
0.30454350493194066,0.9847312263668596
0.3070089897247134,0.9846049843381819
0.3094944342774711,0.984478386769632
0.3120000001779143,0.9843514451421487
0.3145258503219046,0.9842241709311891
0.31707214892405633,0.9840965756066917
0.3196390615284107,0.9839686706330384
0.3222267550191998,0.9838404674690137
0.3248353976316958,0.9837119775677701
0.3274651589631487,0.9835832123768011
0.3301162099838132,0.9834541833379029
0.3327887230480625,0.9833249018871413
0.33548287190559484,0.9831953794548256
0.33819883171272924,0.9830656274654809
0.34093677904379316,0.9829356573378162
0.34369689190260183,0.9828054804847041
0.3464793497340322,0.9826751083131517
0.3492843334356875,0.9825445522242768
0.35211202536965897,0.982413823613295
0.3549626093743822,0.9822829323938579
0.357836270776588,0.9821518780684314
0.36073319640335305,0.9820206676889401
0.3636535745942442,0.9818893104896776
0.36659759521356405,0.9817578157000947
0.3695654496626948,0.9816261925447927
0.3725573308925411,0.9814944502435115
0.3755734334160767,0.9813625980111145
0.37861395332098724,0.98123064505758
0.3816790882824211,0.9810986005879918
0.38476903757583975,0.98096647380253
0.38788400208997353,0.9808342738964574
0.3910241843398836,0.9807020100601231
0.3941897884801257,0.9805696914789462
0.39738102031802436,0.9804373273334158
0.40059808732705343,0.9803049267990818
0.4038411986603241,0.980172499046559
0.40711056516418215,0.980040053241515
0.4104063993919183,0.97990759854467
0.41372891561758385,0.9797751441118044
0.4170783298499231,0.9796426990937457
0.4204548598464169,0.979510272636376
0.42385872512743905,0.9793778738806348
0.42729014699052986,0.9792455119625146
0.4307493485247811,0.9791131960130702
0.4342365546253413,0.9789809351584208
0.43775199200803666,0.9788487385197517
0.4412958892241105,0.9787166152133259
0.44486847667508356,0.9785845743504804
0.44846998662773063,0.9784526286006161
0.4521006532291832,0.9783208000446239
0.45576071252215117,0.9781891105296282
0.45945040246026897,0.9780575818607983
0.46316996292356727,0.9779262358316272
0.4669196357340657,0.9777950942239558
0.47069966467149654,0.9776641788080238
0.47451029548915324,0.9775335113425118
0.47835177592986755,0.9774031135746057
0.482224355742116,0.9772730072400397
0.48612828669625846,0.9771432140631648
0.4900638226009042,0.9770137557570233
0.49403121931941457,0.976884654023409
0.49803073478653714,0.9767559305529518
0.5020626290251745,0.9766276070252009
0.5061271641632912,0.976499705108702
0.5102246044509529,0.9763722464611011
0.5143552162775077,0.9762452527292296
0.5185192681889053,0.976118745549215
0.5227170309051549,0.9759927465465784
0.5269487773379281,0.9758672773363527
0.531214782608299,0.9757423595231922
0.5355153240646323,0.9756180147014948
0.5398506813006148,0.9754942644555286
0.5442211361734316,0.9753711303595611
0.5486269728220937,0.975248633977989
0.5530684776859065,0.975126796865486
0.5575459395230958,0.9750056405671409
0.562059649429579,0.9748851864618977
0.5666099008578913,0.9747654501713244
0.5711969896362636,0.9746464405413516
0.5758212139878568,0.9745281660860708
0.5804828745501475,0.9744106353169656
0.5851822743944761,0.9742938567429741
0.5899197190457491,0.9741778388705551
0.5946955165023028,0.9740625902037527
0.599509977255929,0.9739481192442703
0.604363414312058,0.9738344344915397
0.6092561432101102,0.9737215444427789
0.6141884820440106,0.973609457593077
0.6191607514828676,0.9734981824354509
0.6241732747918245,0.9733877274609326
0.6292263778530715,0.9732781011586275
0.6343203891870348,0.9731693120157918
0.6394556399737357,0.9730613685179158
0.6446324640743191,0.9729542791487792
0.6498511980527636,0.9728480523905445
0.6551121811977574,0.9727426967238237
0.66041575554476,0.9726382206277608
0.6657622658982381,0.9725346325801023
0.6711520598540832,0.9724319410572771
0.6765854878222094,0.9723301545344879
0.6820629030493344,0.9722292814857675
0.6875846616419473,0.9721293303840822
0.6931511225894599,0.9720303097013996
0.6987626477875409,0.9719322279087804
0.7044196020616537,0.9718350934764443
0.710122353190764,0.9717389137658379
0.7158712719312618,0.9716436861718699
0.7216667320410536,0.9715494028570564
0.7275091103038723,0.9714560559447313
0.7333987865537694,0.9713636375638719
0.7393361436998042,0.9712721398490274
0.7453215677509484,0.9711815549402407
0.7513554478411706,0.971091874982979
0.7574381762547453,0.9710030921280647
0.7635701484517529,0.9709151985315954
0.769751763093784,0.9708281863548793
0.7759834220698708,0.9707420477643661
0.7822655305226003,0.9706567749315675
0.7885984968744671,0.9705723600330032
0.794982732854421,0.9704887952501153
0.8014186535246296,0.9704060727692142
0.8079066773074756,0.9703241847814067
0.8144472260127453,0.97024312348253
0.821040724865065,0.9701628810730798
0.8276876025315402,0.9700834497581553
0.8343882911496208,0.9700048217473881
0.8411432263552069,0.969926989254879
0.8479528473109577,0.9698499444991358
0.8548175967348552,0.9697736797030097
0.8617379209289819,0.9696981870936348
0.8687142698085307,0.9696234589023632
0.875747096931068,0.9695494873647097
0.8828368595260073,0.9694762647202831
0.8899840185243475,0.9694037831149224
0.8971890385886343,0.969332017067623
0.9044523881431644,0.9692609031931122
0.911774539404452,0.9691903732093374
0.9191559684119139,0.9691203588552256
0.9265971550588336,0.9690507918902936
0.9340985831235525,0.9689816040943077
0.9416607403009192,0.9689127272669922
0.949284118234007,0.9688440932277956
0.9569692125460642,0.9687756338156829
0.9647165228727481,0.9687072808889978
0.9725265528946042,0.968638966325359
0.9803998103698045,0.9685706220216151
0.9883368071671735,0.9685021798938357
0.9963380592994511,0.9684335718773587
1.0044040869568553,0.9683647299268808
1.0125354145408867,0.9682955860166039
1.0207325706984347,0.9682260721404146
1.0289960883561422,0.9681561203121312
1.0373265047550453,0.9680856625657739
1.0457243614855167,0.9680146309559108
1.0541902045224596,0.9679429575580267
1.0627245842608182,0.9678705744689508
1.071328055551354,0.9677974138073407
1.0800011777367138,0.9677234077141926
1.088744514687807,0.9676484883534169
1.0975586348404502,0.967572587912458
1.1064441112323373,0.9674956386029504
1.1154015215402877,0.9674175726614415
1.1244314481177973,0.9673383183958484
1.133534478032915,0.9672577559910579
1.1427112031063917,0.9671757335459263
1.151962219950173,0.9670920986316538
1.1612881300061797,0.9670066988798722
1.1706895395854031,0.9669193819853182
1.18016705990734,0.966829995708731
1.189721307139711,0.9667383878800001
1.1993529024385368,0.9666444064015456
1.209062471988514,0.9665478992519456
1.218850647043719,0.9664487144897898
1.2287180639686657,0.9663467002577854
1.238665364279656,0.9662417047870934
1.2486931946865067,0.9661335764019072
1.2588022071345868,0.9660221635242632
1.268993058847193,0.9659073146790988
1.2792664123682986,0.9657888784995301
1.2896229356056057,0.9656667037323925
1.3000633018739876,0.9655406392439891
1.3105881899392546,0.9654105340260948
1.321198284062275,0.9652762372021891
1.3318942740434812,0.9651375980339221
1.3426768552676935,0.9649944659278192
1.353546728749349,0.9648466904422127
1.3645046011780684,0.9646941212944148
1.3755511849645932,0.9645366083681193
1.3866871982871205,0.9643740017210352
1.397913365137972,0.9642061515927506
1.4092304153706876,0.9640329084016198
1.42063908474745,0.9638541070022923
1.4321401149869417,0.9636695353514385
1.4437342538125577,0.9634789729056549
1.4554222550010087,0.9632821994076416
1.4672048784313474,0.9630789949002665
1.4790828901343471,0.9628691397411219
1.491057062342325,0.9626524146175808
1.5031281735393391,0.9624286005623471
1.5152970085117918,0.9621974789695025
1.5275643583994714,0.9619588316110417
1.5399310207469636,0.9617124406538952
1.5523977995555243,0.9614580886774429
1.5649655053353404,0.9611955586915099
1.5776349551582154,0.9609246341548449
1.590406972710713,0.9606450989940756
1.6032823883476806,0.960356737623147
1.616262039146257,0.9600593349632237
1.6293467689602852,0.9597526764630737
1.6425374284751624,0.9594365481199132
1.655834875263171,0.9591107365007151
1.6692399738392052,0.9587750287639845
1.682753595717,0.9584292126819884
1.69637661946578,0.9580730766634381
1.71010993076737,0.9577064097766244
1.7239544224737993,0.9573290017729978
1.7379109946653224,0.9569406431111908
1.7519805547089589,0.9565411249814808
1.7661640173174766,0.9561302393306821
1.7804623046088484,0.955707782780891
1.7948763461662276,0.9552736268370582
1.8094070790983543,0.9548277100732326
1.8240554481005067,0.954369973990269
1.8388224055159073,0.9539003606701655
1.8537089113976264,0.9534188127843094
1.8687159335710273,0.952925273601733
1.883844447696655,0.9524196869973574
1.8990954373336952,0.9519019974602562
1.9144698940039087,0.9513721501019003
1.9299688172560798,0.9508300906644177
1.9455932147310304,0.9502757655288414
1.9613441022270965,0.949709121723353
1.9772225037662028,0.9491301069315257
1.9932294516604043,0.948538669500555
2.0093659865790303,0.947934758449485
2.0256331576163285,0.9473183234774234
2.042032022359659,0.9466893149717429
2.058563646958281,0.9460476840162728
2.075229106192633,0.9453933823994771
2.0920294835442372,0.9447263626226114
2.1089658712661294,0.9440465779078686
2.1260393704538556,0.9433539822065019
2.14325109111709,0.9426485302069302
2.160602152251765,0.9419301773428179
2.178093681912851,0.9411988798011363
2.195726817287685,0.9404545945301956
2.2135027047698865,0.9396972792476521
2.231422500033923,0.938926892448487
2.2494873681102043,0.9381434752662211
2.267698483460863,0.937347413555894
2.2860570300560923,0.9365391829550663
2.304564201451107,0.9357192580594513
2.3232212008637747,0.93488811236403
2.342029241252803,0.9340462182069418
2.3609895453966323,0.9331940467157229
2.380103345972916,0.9323320677559007
2.3993718856386517,0.9314607498819242
2.4187964171109986,0.9305805602904353
2.4383782032486887,0.9296919647758631
2.458118517134158,0.9287954276883331
2.4780186421563046,0.9278914118938831
2.498079872093907,0.926980378736986
2.5183035111997767,0.9260627880053419
2.538690874285508,0.9251390978969628
2.5592432868069963,0.924209764989502
2.579962084950596,0.9232752442118523
2.600848615719974,0.9223359888179717
2.621904237023721,0.9213924503629365
2.6431303177635885,0.9204450786812064
2.664528237923529,0.9194943218670931
2.686099388659392,0.9185406262574044
2.707845172389356,0.9175844364162686
2.7297670028851404,0.9166261951221082
2.751866305363876,0.9156663433567579
2.774144516580811,0.9147053202967117
2.7966030849226695,0.9137435633064779
2.8192434705018607,0.9127815151195023
2.8420671452513866,0.9118198561858293
2.8650755930205207,0.9108595539165462
2.8882703096713196,0.9099015890187223
2.9116528031758264,0.9089469380720747
2.9352245937141523,0.907996573559401
2.9589872137732907,0.9070514639074538
2.9829422082467287,0.9061125735381768
3.007091134534935,0.9051808629302223
3.0314355626465566,0.9042572886906867
3.055977075300537,0.9033428036369874
3.080717268028996,0.9024383568888132
3.1056577492809425,0.9015448939700796
3.1308001405268877,0.9006633569208313
3.156146076364212,0.8997946844190272
3.181697204623485,0.8989398119121514
3.207455186475572,0.8980996717586017
3.2334216965396165,0.8972751933787997
3.2595984229919592,0.8964673034159869
3.2859870676758374,0.8956769259066565
3.3125893462120763,0.8949049824605959
3.3394069881106065,0.8941523924505067
3.366441736882887,0.8934200732111715
3.3936953501553035,0.8927089402481592
3.421169599783384,0.8920199074560539
3.4488662719670398,0.8913538873461904
3.476787167366674,0.8907117912839186
3.5049341012202286,0.890094529735376
3.5333089034612466,0.8895030125238123
3.5619134188377877,0.8889380021513281
3.5907495070324096,0.888399388457735
3.6198190427830554,0.8878867427141347
3.6491239160049105,0.8873996388721467
3.678666031913327,0.8869376539472448
3.708447311147628,0.8865003679039982
3.73846968989603,0.8860873635436011
3.768735120021495,0.8856982263936465
3.7992455691886087,0.8853325446001126
3.830003020991557,0.8849899088215207
3.861009475083026,0.88466991212524
3.892266947304269,0.8843721498858894
3.9237774698160997,0.8840962196858265
3.955543091231066,0.8838417212176715
3.9875658767466144,0.8836082561888534
4.019847908279331,0.8833954282281429
4.052391284600355,0.8832028427941464
4.085198121471753,0.8830301070857369
4.118270551784138,0.882876829954395
4.151610725695312,0.8827426218184398
4.185220810770022,0.8826270945791251
4.219102992120948,0.882529861538582
4.253259472550698,0.8824505373195847
4.2876924726950705,0.8823887377871213
4.322404231167411,0.882344079971759
4.357397004704119,0.8823161819947691
4.3926730683114315,0.8823046629950172
4.428234715413258,0.8823091430575836
4.464084258000346,0.8823292371713791
4.500224026780565,0.8823641404923532
4.536656371330406,0.8824123582297034
4.573383660247804,0.8824723317586874
4.61040828130605,0.8825425025444524
4.647732641609096,0.8826213119480303
4.685359167748024,0.8827072010598866
4.723290305958775,0.8827986105610074
4.761528522281256,0.8828939806115412
4.800076302719589,0.8829917507669935
4.838936153403804,0.8830903599219991
4.878110600752741,0.8831882462816827
4.917602191638272,0.8832838473606338
4.957413493550955,0.8833756000095153
4.997547094766868,0.8834619404693228
5.038005604515962,0.8835413044533211
5.078791653151659,0.8836121272566647
5.119907892321835,0.8836728438937186
5.16135699514128,0.8837218892630798
5.203141656365411,0.8837576983403005
5.245264592565534,0.883778706398296
5.287728542305429,0.8837833492554203
5.330536266319365,0.8837700635511703
5.373690547691654,0.883737287049477
5.417194192037508,0.8836834589695172
5.461050027685528,0.8836070203439745
5.505260905861496,0.8835064144046505
5.549829700873821,0.8833800869953177
5.594759310300371,0.8832264870116795
5.64005265517683,0.8830443073350897
5.685712680186674,0.8828343036065548
5.731742353852533,0.8825982792931721
5.778144668729258,0.8823380465948705
5.82492264159845,0.8820554176922915
5.872079313664553,0.8817522042709897
5.919617750752656,0.8814302170826188
5.96754104350772,0.881091265543135
6.015852307595595,0.8807371573680238
6.064554683905543,0.8803696982445375
6.113651338754405,0.879990691540906
6.163145464092539,0.8796019380524704
6.213040277711238,0.8792052357846721
6.263339023452026,0.8788023797728145
6.314044971417505,0.8783951619385054
6.365161418183921,0.8779853709826797
6.416691687015581,0.8775747923150901
6.468639128080796,0.877165208020156
6.521007118669795,0.8767583968590511
6.573799063414236,0.8763561343079108
6.6270183945085295,0.8759601926320465
6.680668571933065,0.8755723409960487
6.734753083679048,0.8751943456096746
6.78927544597536,0.8748279699094152
6.844239203517131,0.8744749747756552
6.899647929696137,0.8741371187853393
6.9555052268332265,0.8738161585000821
7.011814726412406,0.8735138487896686
7.068580089317031,0.8732319402041593
7.1258050060677744,0.8729715304413618
7.183493197062516,0.8727322538915253
7.241648412818323,0.8725135474406426
7.300274434215164,0.8723148500025275
7.35937507274182,0.8721356023901258
7.41895417074364,0.8719752471905781
7.479015601672309,0.8718332286440018
7.539563270337766,0.8717089925259549
7.6006011131619555,0.8716019860335512
7.662133098434874,0.8715116576752059
7.7241632265724345,0.8714374571639711
7.786695530376656,0.8713788353144517
7.849734075297811,0.8713352439432672
7.913282959698678,0.8713061357730448
7.977346315121109,0.8712909643399219
8.041928306554503,0.8712891839045417
8.107033132706707,0.8713002493665232
8.172665026276931,0.8713236161823964
8.238828254230889,0.8713587402869826
8.305527118078322,0.8714050780182144
8.372765954152523,0.871462086045381
8.440549133892375,0.8715292213007937
8.508881064126502,0.8716059409148584
8.577766187359725,0.8716917021545534
8.647208982061995,0.8717859623653058
8.717213962959434,0.8718881789162605
8.787785681327957,0.8719978091489389
8.858928725289132,0.8721143103292865
8.930647720108402,0.8722371729671972
9.002947328495917,0.8723663143690754
9.075832250909544,0.8725019471573987
9.14930722586057,0.8726442901166973
9.223377030221721,0.8727935623238361
9.298046479537675,0.8729499831650024
9.37332042833826,0.873113772353259
9.449203770453916,0.8732851499466482
9.525701439333996,0.8734643363668668
9.602818408367447,0.8736515524184955
9.68055969120609,0.8738470193088015
9.758930342090714,0.8740509586681091
9.837935456179512,0.8742635925707385
9.917580169879477,0.8744851435565223
9.99786966118027,0.874715834652903
10.078809149990809,0.8749558893976033
10.160403898478773,0.8752055318618889
10.24265921141255,0.8754649866744159
10.325580436506257,0.875734479045669
10.409172964767372,0.8760142347930001
10.493442230847132,0.8763044803662585
10.578393713394028,0.8766054428740339
10.664032935409818,0.8769173501105034
10.750365464608757,0.8772404305828898
10.83739691377942,0.8775749135395443
10.925132941149743,0.877921028998644
11.013579250754832,0.8782790077775233
11.102741592807732,0.8786490815226382
11.192625764073423,0.8790314827033915
11.283237608245518,0.8794263650020677
11.374583016326326,0.8798336343934183
11.466667927009794,0.8802531488705038
11.559498327067521,0.8806847666388088
11.653080251738155,0.8811283460954241
11.747419785119561,0.881583745808484
11.842523060564558,0.8820508244968659
11.938396261079577,0.8825294410101382
12.035045619726583,0.8830194543087685
12.132477420028474,0.8835207234445773
12.230697996377396,0.8840331075414453
12.32971373444674,0.8845564657762669
12.429531071606231,0.8850906573601541
12.530156497340352,0.8856355415198794
12.631596553670445,0.886190977479572
12.73385783557981,0.8867568244426456
12.836946991442664,0.8873329415739816
12.940870723456287,0.8879191879823427
13.04563578807668,0.8885154227030303
13.151248996458019,0.889121504680785
13.257717214895242,0.8897372927529155
13.36504736527066,0.8903626456326802
13.47324642550388,0.890997421892893
13.582321430005388,0.8916414799497696
13.692279470134066,0.8922946780470171
13.803127694658016,0.89295687424015
13.914873310219514,0.8936279263810477
14.027523581803463,0.8943076921027452
14.14108583320962,0.8949960434893972
14.255567447528959,0.8956931516834943
14.37097586762342,0.896399467973002
14.48731859661002,0.8971154559756777
14.604603198348558,0.8978415810255855
14.722837297933285,0.898578310223182
14.842028582188842,0.8993261124878459
14.96218480016978,0.9000854586128504
15.08331376366458,0.90085682132282
15.205423347703293,0.9016406753336726
15.328521491069734,0.902437497415087
15.452616196817518,0.9032477664555021
15.57771553279028,0.904071963529673
15.703827632146409,0.904910571968819
15.830960693887553,0.9057640774333777
15.959122983391909,0.9066329679883915
16.08832283295147,0.9075177341815595
16.218568642313652,0.908418869123975
16.34986887922761,0.9093368685735871
16.482232079994503,0.9102722310214061
16.615666850022695,0.9112254577804967
16.75018186438713,0.9121970530777792
16.88578586839322,0.9131875241486797
17.02248767814566,0.9141973813346674
17.1602961811213,0.9152271381837069
17.299220336747215,0.9162773115536791
17.43926917698307,0.917348421718791
17.580451806908233,0.9184409924790294
17.72277740531395,0.9195555512727065
17.866255225299827,0.9206925109895476
18.010894594875655,0.9218517682837951
18.15670491756774,0.9230330779435378
18.303695673030166,0.924236194678347
18.45187641766134,0.9254608730547266
18.601256785225008,0.9267068674285683
18.751846487476833,0.927973931878359
18.90365531479568,0.9292618201391397
19.05669313682002,0.9305702855372107
19.210969903089826,0.9318990809255656
19.36649564369317,0.9332479586200765
19.52328046991854,0.9346166703363931
19.68133457491213,0.9360049671275792
19.840668234340388,0.9374125993224695
20.001291807058358,0.9388393164647459
20.163215735782856,0.9402848672527394
20.326450547771614,0.9417489994799481
20.49100685550763,0.9432314599762726
20.65689535738897,0.944731994549969
20.82412683842459,0.9462503479303254
20.992712170935214,0.9477862637110482
21.16266231526047,0.9493394842943848
21.333988320471168,0.9509097508359485
21.506701325087906,0.9524968031902874
21.680812557805112,0.9541003798571703
21.856333338220917,0.955720217928606
22.03327507757341,0.9573560530366019
22.211649279482167,0.9590076193016562
22.391467540696432,0.9606746539342957
22.57274155184895,0.9623570611071077
22.75548309821588,0.9640549568345164
22.939704060483304,0.9657684717033692
23.125416415519286,0.9674977374579038
23.312632237152837,0.9692428870144826
23.501363696958744,0.9710040544764966
23.69162306504875,0.9727813751494659
23.883422710869613,0.974574985556325
24.076775104006895,0.9763850234529049
24.271692814995994,0.9782116278436034
24.46818851613927,0.98005493899726
24.666274982329753,0.9819150984632227
24.865965091882032,0.9837922490876336
25.067271827369126,0.9856865350298997
25.270208276466878,0.9875981017793892
25.47478763280469,0.9895270961723346
25.681023196823123,0.9914736664089477
25.88892837663896,0.9934379620707593
26.09851668891653,0.9954201341381751
26.309801759746794,0.9974203350082587
26.522797325533123,0.9994387185127412
26.73751723388416,1.0014754399362615
26.953975444514462,1.0035306560348465
27.172186030151696,1.0056045250546162
27.392163177451867,1.0076972067507453
27.613921187921534,1.0098088624066626
27.83747447884742,1.0119396548534914
28.062837584234106,1.0140897484897613
28.29002515574851,1.0162592908884258
28.51905196367284,1.0184483163641052
28.74993289786467,1.0206568155977949
28.98268296872484,1.0228847792601932
29.217317308173733,1.0251321980881645
29.45385117063456,1.0273990628711644
29.692299934025627,1.0296853644376274
29.932679100759586,1.0319910936413612
30.175004298751755,1.0343162413479035
30.419291282435946,1.0366607984208853
30.665555933788546,1.0390247557083303
30.913814263361477,1.041408104028985
31.164082411322614,1.0438108341585839
31.416376648505558,1.0462329368161145
31.670713377467262,1.0486744026500492
31.927109133554236,1.0511352222245491
32.18558058597801,1.0536153860056447
32.44614453889835,1.0561148843473918
32.70881793251622,1.05863370747799
32.973617844174896,1.0611718454858756
33.24056148947008,1.0637292883057892
33.50966622336957,1.0663060257047954
33.780949541341045,1.0689020472682949
34.054429080489996,1.0715173423859718
34.330122620706135,1.0741519002377449
34.60804808581918,1.0768057097796433
34.88822354476458,1.0794787597296762
35.170667212757714,1.0821710385536614
35.45539745247862,1.0848825342151978
35.742432775265584,1.0876132153851834
36.03179184231843,1.0903630175341632
36.32349346591226,1.0931318720654277
36.61755661061991,1.0959197094862785
36.91400039454545,1.0987264593840027
37.21284409056685,1.1015520504018599
37.514107127588794,1.1043964102150663
37.81780909180635,1.107259465506797
38.12396972797773,1.1101411419441634
38.43260894070844,1.1130413641542287
38.743746795745245,1.1159600557000289
39.05740352128035,1.1188971390565707
39.37359950926716,1.1218525355868865
39.69235531674532,1.1248261655180551
40.013691667177845,1.127817947917274
40.337629451798094,1.1308278006679215
40.66418973096781,1.1338556404456377
40.99339373554688,1.1369013826944392
41.32526286827297,1.1399649416028277
41.65981870515364,1.143046230079951
41.99708299686844,1.1461451597317551
42.33707767018359,1.1492616408371852
42.67982482937721,1.1523955823244032
43.02534675767622,1.1555468917470364
43.373665918705605,1.158715475260464
43.72480495794816,1.1619012375981284
44.07878670421741,1.1651040820478886
44.43563417114146,1.168323910428419
44.79537055865901,1.1715606182664418
45.15801925452823,1.174814055828972
45.523603835846586,1.1780840479598618
45.892148070584284,1.1813704169141659
46.263675919129284,1.1846729825403324
46.638211535844725,1.187991562247114
47.01577927063999,1.1913259709707567
47.39640367055294,1.1946760211423888
47.78010948134661,1.198041522655721
48.16692164911758,1.201422282834975
48.556865321917634,1.2048181064031098
48.949965851389365,1.2082287954503257
49.346248794413555,1.2116541494028572
49.74573991477149,1.2150939649920827
50.148465184819614,1.2185480362239263
50.55445078717775,1.2220161543485888
50.963723116432114,1.2254981078306209
51.37630878085044,1.2289936823193153
51.79223460411263,1.2325026606194591
52.211527627054345,1.2360248226624453
52.63421510942469,1.2395599454777606
53.06032453165924,1.2431078031648348
53.48988359666578,1.2466681668652955
53.9229202316261,1.2502408047356273
54.35946258981135,1.2538254819202372
54.799539052412044,1.257421960524921
55.243178230383975,1.261029999590824
55.69040896630747,1.2646493550687723
56.14126033626328,1.268279779661335
56.595761651722654,1.2719209867798027
57.05394246145256,1.2755726010952932
57.5158325534376,1.2792342304446511
57.98146195681575,1.282905477905969
58.45086094383151,1.286585941766352
58.92406003180313,1.2902752154908874
59.40108998510747,1.293972887692898
59.881981817179735,1.2976785421054968
60.366766792529404,1.301391757554455
60.85547642877374,1.3051121079324413
61.34814249868581,1.3088391621746227
61.84479703226107,1.3125724842357098
62.345472318799374,1.316311633068401
62.850200909003824,1.32005616260333
63.35901561709786,1.3238056217304979
63.87194952295771,1.3275595542822363
64.38903597426383,1.3313174990177337
64.91030858866861,1.335078989609149
65.4358012559816,1.338843554629335
65.9655481403737,1.342610717541218
66.49958368259726,1.3463799966888703
67.03794260222612,1.3501509052902636
67.58065989991245,1.3539229514317932
68.12777085966185,1.357695638064533
68.67931105112831,1.3614684630023484
69.23531633192552,1.3652409189217811
69.79582284995912,1.3690124933638403
70.36086704577646,1.372782668737669
70.93048565493515,1.3765509155247093
71.50471571039255,1.3803166056911786
72.08359454491206,1.384079037212294
72.66715979349149,1.387837499621903
73.25544939580925,1.3915912755336528
73.84850159869055,1.3953396406640848
74.44635495859505,1.3990818638593938
75.04904834412228,1.40281720712596
75.65662093853972,1.4065449256646727
76.26911224232981,1.4102642679091373
76.88656207575754,1.4139744755677612
77.50901058146036,1.4176747836698447
78.13649822705679,1.4213644206156564
78.76906580777849,1.4250426082306233
79.40675444912195,1.4287085618235855
80.04960560952176,1.4323614902492874
80.6976610830472,1.4360005959750304
81.35096300211791,1.4396250751516417
82.00955384024462,1.4432341176887324
82.67347641478898,1.446826907334336
83.34277388974859,1.4504026217589416
84.01748977856265,1.4539604326439879
84.69766794694044,1.4574995057748419
85.38335261571444,1.4610190011383386
86.07458836371379,1.4645180730248668
86.77142013066384,1.467995870135091
87.47389322010731,1.4714515356913083
88.182053302349,1.4748842075535058
88.89594641742639,1.4782930183324705
89.61561897810131,1.4816770620239286
90.34111777287868,1.4850353170067039
91.07248996904794,1.4883667328498886
91.8097831157489,1.4916702529498016
92.55304514706448,1.4949448147080704
93.30232438513548,1.4981893497167973
94.05766954330355,1.5014027839508746
94.81912972927769,1.5045840379674618
95.58675444832627,1.5077320271126728
96.36059360649696,1.5108456617354762
97.1406975138597,1.5139238474088863
97.92711688777888,1.5169654851583956
98.7199028562102,1.5199694716977332
99.51910696102392,1.522934699671896
100.32478116135731,1.5258600579075332
101.13697783699098,1.5287444316706287
101.95574979175586,1.5315867029315013
102.78115025696536,1.5343857506371374
103.61323289487562,1.537140450990808
104.4520518021758,1.5398496777389907
105.29766151350324,1.5425123024655514
106.15011700499062,1.5451271948931997
107.00947369783941,1.5476932231921117
107.87578746192237,1.5502092542957726
108.74911461941744,1.552674154223963
109.62951194846757,1.5550867884127961
110.51703668687372,1.5574460220518458
111.41174653581542,1.5597507204282353
112.31369966360143,1.5619997428761034
113.22295470945302,1.56419180789493
114.13957078731457,1.5663254957609516
115.06360748969857,1.56839938102356
115.99512489155809,1.5704120387509308
116.93418355419414,1.572362045033857
117.88084452919223,1.5742479775007032
118.83516936239084,1.5760684158434557
119.79722009788452,1.5778219423545687
120.76705928205546,1.5795071424746252
121.74474996764174,1.581122605350534
122.73035571783585,1.5826669244041491
123.72394061041632,1.5841386979110792
124.72556924191548,1.5855365295895365
125.73530673181716,1.5868590291989808
126.75321872679193,1.5881048131483195
127.77937140496442,1.5892725051134822
128.813831480215,1.5903607366640695
129.8566662065188,1.5913681478988033
130.90794338231623,1.5922933880895562
131.9677313549225,1.593135116333633
133.0360990249703,1.593892002213988
134.11311585088862,1.5945627264670872
135.19885185342025,1.5951459816580813
136.29337762017204,1.5956404728629254
137.3967643102058,1.5960449183571113
138.50908365866388,1.5963580503106292
139.63040798143217,1.596578615488762
140.76081017984342,1.5967053759583631
141.9003637454146,1.5967370789677167
143.04914276462694,1.5966723460707752
144.20722192374163,1.5965097752654813
145.3746765136545,1.5962479829347815
146.55158243479318,1.595885604713551
147.7380162020491,1.5954212963577785
148.9340549497542,1.5948537346192164
150.13977643669486,1.5941816181249404
151.35525905116617,1.593403668261118
152.58058181607058,1.5925186300603789
153.8158243940529,1.591525273092146
155.0610670926816,1.590422392355187
156.31639086966914,1.5892088091717664
157.58187733813403,1.5878833720826289
158.8576087719094,1.5864449577420805
160.14366811088917,1.5848924718124846
161.44013896642272,1.5832248498573234
162.74710562674844,1.5814410582321186
164.06465306247577,1.5795400949723997
165.39286693210835,1.5775209906778553
166.73183358761224,1.5753828093919735
168.08164008003212,1.5731246494762043
169.4423741651481,1.5707456444778796
170.8141243091835,1.568244963991021
172.19697969455535,1.5656218145091518
173.5910302256713,1.5628754402692204
174.9963665347771,1.5600051240858142
176.41307998784634,1.5570101881746898
177.84126269052257,1.5538899993119997
179.28100749410663,1.5506441367311754
180.7324080015922,1.5472724438500354
182.19555857375357,1.5437748180531743
183.67055433527756,1.540151195883329
185.15749118095064,1.5364015534410194
186.65646578189205,1.5325259067663592
188.16757559183776,1.528524312202546
189.69091885347896,1.5243968667404353
191.22659460484596,1.520143708343794
192.7747026857498,1.5157650162545973
194.33534374427208,1.511261011278034
195.90861924330724,1.5066319560466161
197.49463146716172,1.501878155262967
199.0934835282008,1.4969999559208644
200.70527937355493,1.4919977475040074
202.33012379187656,1.4868719621621675
203.9681224201518,1.4816230748642822
205.61938175057074,1.4762516035280144
207.2840091374481,1.470758109125466
208.96211280420496,1.4651431957646717
210.65380185040428,1.4594075107464657
212.3591862588419,1.4535517445964337
214.07837690270034,1.447576631071566
215.8114855527534,1.4414829471413948
217.55862488463592,1.4352715129431912
219.31990848616792,1.4289431917111828
221.0954508647379,1.4224988896792579
222.88536745475068,1.4159395559571586
224.68977462512854,1.4092662417587436
226.5087896868803,1.4024804280700096
228.3425309007246,1.3955837853633433
230.19111748478176,1.3885780143379527
232.05466962232285,1.3814648447597346
233.93330846958224,1.374246034724687
235.82715616363748,1.3669233699082017
237.7363358303461,1.3594986628007788
239.66097159235375,1.3519737519305273
241.60118857716262,1.3443505010730328
243.55711292526476,1.336630798448983
245.52887179834647,1.3288165559101304
247.5165933875516,1.3209097081140673
249.52040692181902,1.3129122116882892
251.540442676283,1.3048260443841522
253.57683198074128,1.2966532042211807
255.62970722819668,1.2883957086222915
257.69920188346066,1.2800555935405031
259.78545049183356,1.271634912577611
261.8885886878508,1.2631357360954885
264.0087532040989,1.2545601503204857
266.1460818801092,1.2459102564414894
268.30071367131427,1.2371881697023517
270.47278865808653,1.228396018489056
272.66244805484325,1.2195359434123585
274.8698342192258,1.2106100963864337
277.0950906613588,1.2016206397040918
279.3383620531758,1.1925697451091721
281.59979423782863,1.1834596014335845
283.8795342391679,1.1742931735531914
286.17773027129937,1.16507476786701
288.49453174822435,1.1558087677478874
290.8300892935485,1.1464994880275072
293.18455475027906,1.1371511732939101
295.55808119069457,1.1277679963134797
297.9508229262949,1.1183540565754289
300.3629355178381,1.108913378956728
302.7945757854485,1.0994499125053632
305.24590181881723,1.0899675293395907
307.7170729874777,1.0804700236608833
310.20824995116516,1.0709611108780512
312.7195946702662,1.0614444268400127
315.25127041634335,1.0519235271746286
317.8034417827548,1.0424018867307998
320.3762746953505,1.032882899121235
322.96993642326356,1.0233698763629304
325.58459558978365,1.013866048612595
328.22042218331745,1.0043745639941457
330.8775875684448,0.9948984885152564
333.55626449705494,0.9854408060701277
336.25662711958165,0.9760044185254203
338.9788509963239,0.9665921458864102
341.72311310885755,0.9572067265403955
344.48959187154617,0.9478508175743006
347.2784671431351,0.9385269951635634
350.0899202384492,0.929237755029285
352.92413394017944,0.9199855129606725
355.78129251076325,0.9107727589695316
358.6615817043695,0.9016033415747671
361.56518877896946,0.8924817560052186
364.4923025085158,0.8834123326858128
367.4431131952137,0.87439923093731
370.41781268189044,0.8654464414317312
373.4165943644733,0.8565577888365623
376.43965320455675,0.8477369346342326
379.48718574208306,0.8389873801035778
382.55939010811755,0.8303124694504518
385.6564660377279,0.8217153930749377
388.7786148829746,0.8131991909631624
391.9260396259956,0.8047667561919768
395.09894489220824,0.7964208385352788
398.2975369636108,0.788164048161204
401.52202379219045,0.7799988594097894
404.7726150134492,0.77192761464123
408.0495219600262,0.7639525281452716
411.3529576754435,0.7560756901027545
414.68313692795357,0.7482990705907833
418.04027622450025,0.740624523623448
421.42459382480007,0.7330537912205095
424.83630975552586,0.7255885074968655
428.2756458246169,0.7182302027661662
431.7428256356972,0.7109803076522654
435.23807460261025,0.7038401572027622
438.7616199640797,0.6968109949992569
442.3136907984763,0.6898939772594114
445.89451803871805,0.6830901768503059
449.5043344872769,0.6764005725409524
453.14337483132016,0.6698260367036534
456.8118756579662,0.66336736832355
460.51007546966235,0.6570253011235417
464.2382146996977,0.6508005074474534
467.9965357278272,0.6446936021111825
471.7852828960356,0.6387051462201356
475.60470252442104,0.6328356509517533
479.4550429272055,0.6270855813022019
483.3365544288859,0.6214553597965798
487.2494893805008,0.6159453701624312
491.19410217604286,0.6105559609665433
495.17064926899604,0.6052874492153927
499.1793891890046,0.6001401239198745
503.2205825586885,0.5951142496252335
507.29449211057937,0.5902100699074059
511.40138270420863,0.5854278108372671
515.541521343324,0.5807676844145672
519.7151771932455,0.5762298919735468
523.9226215983714,0.5718146275625898
528.1641280998118,0.5675220813004419
532.4399724531794,0.5633524427118403
536.7504326465144,0.5593059040456408
541.095788918354,0.5553826635788076
545.4763237759596,0.5515829289098445
549.8923220136749,0.5479069202455815
554.3440707314486,0.5443548736854222
558.831859353497,0.5409270445074752
563.3559796471172,0.5376235768910997
567.9167257416635,0.5344427453151402
572.5143941476605,0.5313814900415865
577.1492837760894,0.5284368229927879
581.8216959578164,0.5256058577981716
586.5319344631808,0.5228858055905818
591.2803055217524,0.5202739709770005
596.0671178422303,0.5177677481751776
600.8926826325226,0.5153646173081262
605.7573136199744,0.5130621408488568
610.661327071762,0.5108579602081204
615.6050418154618,0.5087497924582804
620.5887792597698,0.5067354271868234
625.6128634154063,0.5048127234732713
630.677620916172,0.5029796069836711
635.7833810401919,0.5012340671770582
640.9304757313191,0.49957415461859755
646.119239620712,0.4979979783943777
651.3500100485988,0.49650370362306434
656.6231270861988,0.49508954905990704
661.9389335578408,0.4937537847887368
667.2977750632474,0.4924947299979104
672.6999999999999,0.4913107508362677
